Series Name;Series Code;Country Name;Country Code;2017;2018;2019;2020;2021
GDP (current US$);NY.GDP.MKTP.CD;Afghanistan;AFG;187.534.696.302.586;180.532.285.788.878;187.994.507.427.823;201.161.373.258.206;..
GDP (current US$);NY.GDP.MKTP.CD;Albania;ALB;130.196.893.366.919;151.564.323.098.977;154.018.307.540.773;151.318.662.705.936;182.600.434.998.068
GDP (current US$);NY.GDP.MKTP.CD;Algeria;DZA;170.097.014.589.134;174.910.878.623.049;171767403748.19;145009181490.62;167.983.141.738.311
GDP (current US$);NY.GDP.MKTP.CD;American Samoa;ASM;612000000;639000000;648000000;709000000;..
GDP (current US$);NY.GDP.MKTP.CD;Andorra;AND;300.016.208.111.976;32.184.198.969.641;315.514.934.780.639;28.910.011.493.611;332.991.072.376.078
GDP (current US$);NY.GDP.MKTP.CD;Angola;AGO;689.727.637.871.547;777.929.400.771.193;693.091.048.066.311;53.619.071.176.139;725.469.857.085.707
GDP (current US$);NY.GDP.MKTP.CD;Antigua and Barbuda;ATG;146.797.777.777.778;160.594.444.444.444;168.753.333.333.333;137.028.148.148.148;147.112.592.592.593
GDP (current US$);NY.GDP.MKTP.CD;Argentina;ARG;643.628.665.302.155;524.819.742.918.669;452.818.426.182.658;389.591.035.520.675;491.492.700.657.012
GDP (current US$);NY.GDP.MKTP.CD;Armenia;ARM;115.274.585.657.334;124.579.419.070.333;136.192.913.612.814;12.641.209.802.112;138.611.838.735.931
GDP (current US$);NY.GDP.MKTP.CD;Aruba;ABW;309.217.877.094.972;320.223.463.687.151;331.005.586.592.179;249.664.804.469.274;..
GDP (current US$);NY.GDP.MKTP.CD;Australia;AUS;1326882872011.46;1428529571351.06;1391952510370.48;1327836171068.51;1542659899992.54
GDP (current US$);NY.GDP.MKTP.CD;Austria;AUT;417.261.151.844.977;455.168.151.938.941;445011872704.47;433.258.467.676.515;477.082.467.454.295
GDP (current US$);NY.GDP.MKTP.CD;Azerbaijan;AZE;408.655.589.123.867;471.129.411.764.706;481.742.352.941.176;42693000000;546.221.764.705.882
GDP (current US$);NY.GDP.MKTP.CD;Bahamas, The;BHS;12357600000;12755800000;13192800000;9699500000;11208600000
GDP (current US$);NY.GDP.MKTP.CD;Bahrain;BHR;354.737.765.957.447;378.020.053.191.489;386.533.180.851.064;347.233.574.468.085;388.686.630.319.149
GDP (current US$);NY.GDP.MKTP.CD;Bangladesh;BGD;293.754.646.182.389;321.379.023.557.462;351.238.438.542.792;373902134700.41;416.264.942.893.326
GDP (current US$);NY.GDP.MKTP.CD;Barbados;BRB;498.158.889.982.409;509.728.321.313.965;53.041.643.232.532;468.953.496.175.956;4900800000
GDP (current US$);NY.GDP.MKTP.CD;Belarus;BLR;547.265.952.491.849;600.312.622.693.365;644.096.471.938.044;614.895.888.948.211;682.188.164.841.226
GDP (current US$);NY.GDP.MKTP.CD;Belgium;BEL;502.764.720.556.354;543.347.368.038.353;535.376.258.146.666;521.676.942.134.632;599879025377.51
GDP (current US$);NY.GDP.MKTP.CD;Belize;BLZ;184.490.669.253.913;188.746.521.848.204;194.525.023.557.603;15.856.316.703.461;1789923264.03
GDP (current US$);NY.GDP.MKTP.CD;Benin;BEN;127.016.547.432.149;142.624.070.114.764;143.916.866.327.821;156.515.453.315.404;177.856.400.791.191
GDP (current US$);NY.GDP.MKTP.CD;Bermuda;BMU;7142316000;7225977000;7423465000;6881662000;7080900000
GDP (current US$);NY.GDP.MKTP.CD;Bhutan;BTN;245.036.492.807.302;244.686.640.493.058;253.565.706.905.537;231.543.630.329.988;..
GDP (current US$);NY.GDP.MKTP.CD;Bolivia;BOL;37.508.642.170.767;402.876.479.305.355;408.953.228.509.407;366.298.438.060.781;404.082.085.238.784
GDP (current US$);NY.GDP.MKTP.CD;Bosnia and Herzegovina;BIH;180.790.764.268.667;201.774.223.110.773;202.013.232.825.451;199.551.200.046.604;225.715.128.672.816
GDP (current US$);NY.GDP.MKTP.CD;Botswana;BWA;160.884.376.751.648;169.142.450.980.392;166.959.250.271.944;149.300.727.990.084;176.138.464.729.916
GDP (current US$);NY.GDP.MKTP.CD;Brazil;BRA;2063514688761.98;1916933708381.89;1873288158977.23;1448565936739.56;1608981220812.2
GDP (current US$);NY.GDP.MKTP.CD;British Virgin Islands;VGB;..;..;..;..;..
GDP (current US$);NY.GDP.MKTP.CD;Brunei Darussalam;BRN;121.281.048.591.498;135.673.511.750.315;134.694.229.585.105;120.058.257.695.087;14006569575.68
GDP (current US$);NY.GDP.MKTP.CD;Bulgaria;BGR;591.994.474.214.924;663.634.224.502.112;689.154.161.419.576;698.893.474.334.324;802.711.194.261.076
GDP (current US$);NY.GDP.MKTP.CD;Burkina Faso;BFA;141.069.568.300.857;158.900.650.197.634;161.781.620.300.694;179.336.063.531.775;197.376.151.143.661
GDP (current US$);NY.GDP.MKTP.CD;Burundi;BDI;27.123.240.872.789;266.012.362.427.729;258.126.812.578.917;278.051.062.464.184;290.202.938.582.592
GDP (current US$);NY.GDP.MKTP.CD;Cabo Verde;CPV;176.978.721.542.141;196.650.111.761.028;198.184.574.070.615;170.369.867.669.742;193.617.404.345.293
GDP (current US$);NY.GDP.MKTP.CD;Cambodia;KHM;221.772.005.115.811;245.717.535.834.922;27.089.389.786.979;258.727.980.121.938;269.610.611.197.957
GDP (current US$);NY.GDP.MKTP.CD;Cameroon;CMR;360.985.501.415.897;399.738.390.646.084;396.709.773.327.348;408.044.497.260.184;452.386.134.798.308
GDP (current US$);NY.GDP.MKTP.CD;Canada;CAN;1649265644244.09;1725329192783.02;1742015045482.31;1645423407568.36;1990761609665.23
GDP (current US$);NY.GDP.MKTP.CD;Cayman Islands;CYM;516.646.728.675.345;553.037.759.329.756;594.358.909.555.075;56.089.891.955.292;..
GDP (current US$);NY.GDP.MKTP.CD;Central African Republic;CAF;207.234.997.415.272;222.097.897.817.342;222.130.140.072.468;232.672.092.059.223;251.649.829.901.212
GDP (current US$);NY.GDP.MKTP.CD;Chad;TCD;100.003.952.421.457;112.391.670.484.916;113.149.513.427.807;107.153.961.354.168;117.799.808.017.843
GDP (current US$);NY.GDP.MKTP.CD;Channel Islands;CHI;..;..;..;..;..
GDP (current US$);NY.GDP.MKTP.CD;Chile;CHL;276.364.933.679.626;295.402.652.037.155;278584733103.01;252.727.193.710.018;317058508651.76
GDP (current US$);NY.GDP.MKTP.CD;China;CHN;12310409370894.2;13894817549380.3;1,42799E+13;1,46877E+13;17734062645371.4
GDP (current US$);NY.GDP.MKTP.CD;Colombia;COL;311.883.730.690.129;334.198.214.706.209;323.109.543.324.321;270299982887.01;314.322.453.228.295
GDP (current US$);NY.GDP.MKTP.CD;Comoros;COM;10.774.396.625.798;118.879.757.494.753;119.501.955.909.381;122.387.606.452.345;132.796.424.932.649
GDP (current US$);NY.GDP.MKTP.CD;Congo, Dem. Rep.;COD;380.192.656.258.845;475.682.100.684.862;517.758.307.258.263;487.169.608.600.664;539.585.736.930.513
GDP (current US$);NY.GDP.MKTP.CD;Congo, Rep.;COG;110.948.236.765.914;136.700.380.198.594;127.503.387.361.661;104.831.510.936.873;125.239.616.772.966
GDP (current US$);NY.GDP.MKTP.CD;Costa Rica;CRI;605.160.435.901.832;624.201.650.997.231;644.176.700.826.127;621.580.022.330.279;64.282.438.666.739
GDP (current US$);NY.GDP.MKTP.CD;Cote d'Ivoire;CIV;515.881.587.175.348;580.114.664.508.643;585.394.249.297.248;613.485.794.651.017;697.648.274.674.423
GDP (current US$);NY.GDP.MKTP.CD;Croatia;HRV;56214427431.2;622.478.749.488.225;622.462.063.405.469;572.037.832.030.259;678.377.885.435.852
GDP (current US$);NY.GDP.MKTP.CD;Cuba;CUB;96851000000;1,0005E+11;1,03428E+11;1,07352E+11;..
GDP (current US$);NY.GDP.MKTP.CD;Curacao;CUW;300.949.720.670.391;302.038.881.727.231;299.518.548.730.261;249.617.473.564.702;..
GDP (current US$);NY.GDP.MKTP.CD;Cyprus;CYP;228.708.337.098.961;255.226.712.328.767;257.583.577.745.438;246.920.959.451.742;277.193.376.700.177
GDP (current US$);NY.GDP.MKTP.CD;Czech Republic;CZE;218.628.940.951.675;248.950.103.352.137;252.498.032.247.163;245.339.322.066.759;282.340.849.856.614
GDP (current US$);NY.GDP.MKTP.CD;Denmark;DNK;332.121.063.806.391;356.841.216.410.068;347.561.349.210.979;356.084.867.685.639;397.104.343.478.301
GDP (current US$);NY.GDP.MKTP.CD;Djibouti;DJI;276.258.133.422.612;291.346.673.212.507;308.885.363.856.832;31.810.711.536.622;337.110.212.351.343
GDP (current US$);NY.GDP.MKTP.CD;Dominica;DMA;521.551.851.851.852;55.477.037.037.037;611.537.037.037.037;504.214.814.814.815;545.618.518.518.518
GDP (current US$);NY.GDP.MKTP.CD;Dominican Republic;DOM;799.979.756.218.654;855.553.780.428.196;889.412.997.335.018;788.447.023.290.785;942.434.539.374.462
GDP (current US$);NY.GDP.MKTP.CD;Ecuador;ECU;1,04296E+11;1,07562E+11;1,08108E+11;99291124000;1,06166E+11
GDP (current US$);NY.GDP.MKTP.CD;Egypt, Arab Rep.;EGY;235.733.695.652.174;249.712.999.437.254;303.080.865.603.645;365.252.651.278.852;404.142.766.093.053
GDP (current US$);NY.GDP.MKTP.CD;El Salvador;SLV;24979190000;26020850000;26896660000;24638720000;28736940000
GDP (current US$);NY.GDP.MKTP.CD;Equatorial Guinea;GNQ;122.009.128.283.695;130.970.112.084.602;113.641.341.086.175;100.991.572.698.025;122.693.927.887.402
GDP (current US$);NY.GDP.MKTP.CD;Eritrea;ERI;..;..;..;..;..
GDP (current US$);NY.GDP.MKTP.CD;Estonia;EST;269.243.851.030.659;304.895.009.048.564;310.455.917.534.901;306.502.854.717.215;362.629.243.536.041
GDP (current US$);NY.GDP.MKTP.CD;Eswatini;SWZ;440.296.922.592.165;466.678.461.759.585;446.606.655.737.957;398.484.058.040.634;494.137.318.208.261
GDP (current US$);NY.GDP.MKTP.CD;Ethiopia;ETH;81.770.791.970.982;842.693.483.273.454;959.125.906.281.412;107.657.734.392.446;111.271.112.329.975
GDP (current US$);NY.GDP.MKTP.CD;Faroe Islands;FRO;296.987.687.228.339;318.007.474.741.076;326.883.977.569.197;324.075.998.899.453;..
GDP (current US$);NY.GDP.MKTP.CD;Fiji;FJI;535.340.442.208.138;558.137.185.014.851;549.626.476.578.411;457.441.382.331.243;459.211.870.955.279
GDP (current US$);NY.GDP.MKTP.CD;Finland;FIN;255.647.979.916.471;275.715.087.494.902;268508200125.49;271.836.962.949.417;299.155.237.589.142
GDP (current US$);NY.GDP.MKTP.CD;France;FRA;2595151045197.65;2790956878746.66;2728870246705.88;2630317731455.26;2937472757953.44
GDP (current US$);NY.GDP.MKTP.CD;French Polynesia;PYF;58.333.514.778.985;613.511.758.907.754;600.805.524.777.908;566.936.871.720.724;..
GDP (current US$);NY.GDP.MKTP.CD;Gabon;GAB;149.294.887.707.315;168.673.251.265.423;168.744.058.397.948;153.168.240.393.269;182.693.504.337.992
GDP (current US$);NY.GDP.MKTP.CD;Gambia, The;GMB;150.490.975.328.746;16.706.706.685.939;181.360.827.965.044;183.041.299.995.922;207.807.068.354.686
GDP (current US$);NY.GDP.MKTP.CD;Georgia;GEO;162.429.169.157.203;175.969.224.699.152;174.704.362.585.131;158.429.225.327.202;187.002.413.921.575
GDP (current US$);NY.GDP.MKTP.CD;Germany;DEU;3690849152517.65;3977289455388.23;3888326788627.44;3846413928653.71;4223116205968.92
GDP (current US$);NY.GDP.MKTP.CD;Ghana;GHA;604.063.828.985.174;67.299.280.679.563;683.375.378.157.703;700.431.998.136.885;775.942.790.548.795
GDP (current US$);NY.GDP.MKTP.CD;Gibraltar;GIB;..;..;..;..;..
GDP (current US$);NY.GDP.MKTP.CD;Greece;GRC;199.844.406.013.531;212.049.447.242.111;205.144.152.830.847;188835201625.91;216.240.589.485.256
GDP (current US$);NY.GDP.MKTP.CD;Greenland;GRL;285.161.065.592.391;30.557.913.407.025;299.433.232.374.726;307.596.832.869.677;..
GDP (current US$);NY.GDP.MKTP.CD;Grenada;GRD;112.568.518.518.519;116.652.355.555.556;121.348.518.518.519;104.341.111.111.111;112.208.318.518.519
GDP (current US$);NY.GDP.MKTP.CD;Guam;GUM;6013000000;6060000000;6364000000;5844000000;..
GDP (current US$);NY.GDP.MKTP.CD;Guatemala;GTM;716.541.343.785.299;732.085.837.589.105;770.200.152.013.201;776.046.326.206.473;859.863.215.512.388
GDP (current US$);NY.GDP.MKTP.CD;Guinea;GIN;103.246.682.665.921;118.570.303.365.252;134.428.614.437.506;141.696.260.101.229;158.505.203.839.941
GDP (current US$);NY.GDP.MKTP.CD;Guinea-Bissau;GNB;13.501.771.275.523;150.463.012.099.275;143.963.844.338.133;143.175.824.290.375;163.851.753.316.504
GDP (current US$);NY.GDP.MKTP.CD;Guyana;GUY;474.817.433.414.044;478.763.623.724.043;517.376.019.184.652;547.125.659.472.422;740.917.992.086.331
GDP (current US$);NY.GDP.MKTP.CD;Haiti;HTI;150.355.603.726.443;164.550.343.527.671;147.858.393.829.002;145.082.180.174.032;209.443.926.150.803
GDP (current US$);NY.GDP.MKTP.CD;Honduras;HND;231.362.322.296.069;24.067.778.953.842;250.899.769.467.736;238.278.408.097.014;284.886.683.016.401
GDP (current US$);NY.GDP.MKTP.CD;Hong Kong SAR, China;HKG;341.273.289.534.466;361.731.070.995.726;363.052.489.184.395;344.881.400.505.337;368.139.247.671.487
GDP (current US$);NY.GDP.MKTP.CD;Hungary;HUN;143.136.245.596.988;160.586.833.778.457;163526491433.29;156.743.134.665.959;182.280.517.581.212
GDP (current US$);NY.GDP.MKTP.CD;Iceland;ISL;247.282.851.774.603;262.670.637.575.495;248.577.404.450.401;217.180.757.252.054;254.589.339.158.742
GDP (current US$);NY.GDP.MKTP.CD;India;IND;2651472946374.91;2702929718960.46;2831552222519.99;2667687951796.56;3173397590816.91
GDP (current US$);NY.GDP.MKTP.CD;Indonesia;IDN;1015618742565.81;1042271531011.99;1119099868265.25;1058688935454.78;1186092991320.04
GDP (current US$);NY.GDP.MKTP.CD;Iran, Islamic Rep.;IRN;486.630.146.443.617;330.991.589.888.991;291.362.916.336.415;231.547.571.240.469;..
GDP (current US$);NY.GDP.MKTP.CD;Iraq;IRQ;187.217.660.050.676;227.367.469.034.031;233.636.097.800.338;184.369.797.315.436;207.889.333.724.138
GDP (current US$);NY.GDP.MKTP.CD;Ireland;IRL;335.430.829.594.026;385.041.711.506.234;399.122.063.504.148;425.888.950.992.003;498.559.576.714.721
GDP (current US$);NY.GDP.MKTP.CD;Isle of Man;IMN;697.958.172.458.172;749.196.931.287.525;731.538.805.208.067;..;..
GDP (current US$);NY.GDP.MKTP.CD;Israel;ISR;355.277.223.507.485;373.641.241.440.789;397934596952.56;407.100.736.594.064;481.591.266.133.409
GDP (current US$);NY.GDP.MKTP.CD;Italy;ITA;1961796197354.36;2091932426266.98;2011285742552.15;1892574064222.11;2099880198258.88
GDP (current US$);NY.GDP.MKTP.CD;Jamaica;JAM;148.089.899.933.185;157.307.938.527.913;158.307.685.498.916;138.124.250.365.864;13.638.230.995.679
GDP (current US$);NY.GDP.MKTP.CD;Japan;JPN;4930837369151.42;5037835383110.97;5123318151510.62;5040107754084.11;4937421880461.55
GDP (current US$);NY.GDP.MKTP.CD;Jordan;JOR;414.089.608.450.704;429.321.126.760.563;44.502.895.915.493;436.976.592.957.747;45.243.661.971.831
GDP (current US$);NY.GDP.MKTP.CD;Kazakhstan;KAZ;166.805.800.595.704;179.339.994.859.384;181.667.190.075.541;171.082.379.532.988;190.814.274.226.211
GDP (current US$);NY.GDP.MKTP.CD;Kenya;KEN;82.035.800.868.187;92.202.956.320.532;100.379.713.697.421;100666542665.72;110.347.079.517.356
GDP (current US$);NY.GDP.MKTP.CD;Kiribati;KIR;188.192.060.085.837;196.230.573.819.486;177.935.349.322.211;180.911.843.644.622;..
GDP (current US$);NY.GDP.MKTP.CD;Korea, Dem. People's Rep.;PRK;..;..;..;..;..
GDP (current US$);NY.GDP.MKTP.CD;Korea, Rep.;KOR;1623901496835.79;1724845615629.26;1651422932447.77;1637895802792.9;1798533915091.14
GDP (current US$);NY.GDP.MKTP.CD;Kosovo;XKX;718.081.337.550.836;787.850.850.259.802;789.987.908.643.081;771.692.535.612.536;900.715.919.574.216
GDP (current US$);NY.GDP.MKTP.CD;Kuwait;KWT;120.707.435.542.367;138.182.400.493.585;136.196.760.180.976;105.960.225.688.145;..
GDP (current US$);NY.GDP.MKTP.CD;Kyrgyz Republic;KGZ;770.293.480.012.836;827.110.863.839.931;887.102.607.419.762;778.087.453.666.054;85.434.235.026.134
GDP (current US$);NY.GDP.MKTP.CD;Lao PDR;LAO;170.711.620.844.067;181.416.513.813.884;187.405.595.541.632;189.818.007.050.794;188.271.485.300.151
GDP (current US$);NY.GDP.MKTP.CD;Latvia;LVA;304.838.060.178.318;344.290.234.350.211;343.087.838.253.019;33.645.460.617.239;388.725.462.285.653
GDP (current US$);NY.GDP.MKTP.CD;Lebanon;LBN;530.276.806.858.375;549.015.191.556.219;516.059.591.313.385;259.489.158.611.985;180.766.248.401.841
GDP (current US$);NY.GDP.MKTP.CD;Lesotho;LSO;230.618.536.114.628;251.414.688.791.664;245.125.757.869.383;225.071.771.846.577;251.846.889.103.913
GDP (current US$);NY.GDP.MKTP.CD;Liberia;LBR;3390703400;3422754800;3319596500;3039982540;3486741370
GDP (current US$);NY.GDP.MKTP.CD;Libya;LBY;671.584.158.415.842;766.841.758.241.758;692.523.063.720.232;523.202.154.720.934;418.795.796.771.747
GDP (current US$);NY.GDP.MKTP.CD;Liechtenstein;LIE;647.425.611.861.481;669.250.434.604.765;642.724.894.344.939;..;..
GDP (current US$);NY.GDP.MKTP.CD;Lithuania;LTU;477.587.369.317.801;53.750.911.865.687;546.973.790.173.332;565.469.574.754.912;655.038.497.045.997
GDP (current US$);NY.GDP.MKTP.CD;Luxembourg;LUX;657.121.803.429.836;712.850.193.974.133;701.957.154.955.136;733.531.327.937.076;867.108.033.370.994
GDP (current US$);NY.GDP.MKTP.CD;Macao SAR, China;MAC;504.409.419.386.992;552.843.604.831.217;552.047.580.695.124;255.861.110.763.415;29905190181.75
GDP (current US$);NY.GDP.MKTP.CD;Madagascar;MDG;131.763.135.935.509;136.144.125.508.812;141.919.115.120.465;132.255.918.036.232;14.637.400.395.689
GDP (current US$);NY.GDP.MKTP.CD;Malawi;MWI;894.354.367.718.899;988.067.621.882.611;110.253.707.688.135;121.721.284.695.737;126.267.180.737.439
GDP (current US$);NY.GDP.MKTP.CD;Malaysia;MYS;319.112.136.545.438;358.791.513.221.482;365276379480.99;337.006.023.789.699;372.701.358.820.264
GDP (current US$);NY.GDP.MKTP.CD;Maldives;MDV;475.417.586.924.027;530.096.265.951.088;560.776.262.514.627;374.276.996.742.798;488.966.693.163.855
GDP (current US$);NY.GDP.MKTP.CD;Mali;MLI;153.657.130.591.057;170.708.675.776.666;172.802.508.052.245;174.653.927.790.366;191.437.415.031.482
GDP (current US$);NY.GDP.MKTP.CD;Malta;MLT;135.050.564.415.193;153.012.794.782.071;157.195.009.205.362;14.917.038.504.285;171.897.304.695.554
GDP (current US$);NY.GDP.MKTP.CD;Marshall Islands;MHL;213204100;221588900;239462200;244462400;248665600
GDP (current US$);NY.GDP.MKTP.CD;Mauritania;MRT;680.013.596.161.412;735.253.358.559.316;788.965.528.447.161;791.598.551.370.246;822.758.074.049.889
GDP (current US$);NY.GDP.MKTP.CD;Mauritius;MUS;132.593.514.184.459;141.819.510.585.129;14.045.808.843.221;10.926.820.603.402;111.566.577.696.974
GDP (current US$);NY.GDP.MKTP.CD;Mexico;MEX;1158913035796.37;1222408203104.3;1269404276770.7;1087117783073.31;1293037866360.17
GDP (current US$);NY.GDP.MKTP.CD;Micronesia, Fed. Sts.;FSM;366666800;401932300;412.479.413.362.129;40.751.592.798.229;404.178.049.753.978
GDP (current US$);NY.GDP.MKTP.CD;Moldova;MDA;966.974.174.422.001;114.574.431.850.542;119.713.450.027.757;118.597.305.435.525;136.792.213.332.052
GDP (current US$);NY.GDP.MKTP.CD;Monaco;MCO;643.131.495.707.185;719.402.456.306.094;738.374.566.215.157;681.621.930.325.528;..
GDP (current US$);NY.GDP.MKTP.CD;Mongolia;MNG;114.808.477.453.187;131.780.944.594.548;142.063.590.068.095;13.312.981.594.573;150.980.228.286.106
GDP (current US$);NY.GDP.MKTP.CD;Montenegro;MNE;485.660.217.863.417;550.694.440.330.186;554.220.115.091.048;478.072.212.196.227;580.917.096.178.285
GDP (current US$);NY.GDP.MKTP.CD;Morocco;MAR;109.682.728.023.112;118.096.227.400.092;119.870.439.113.662;114.725.065.285.149;132.725.261.467.431
GDP (current US$);NY.GDP.MKTP.CD;Mozambique;MOZ;132.190.794.977.055;148.454.005.926.712;153.900.310.399.957;140.288.110.717.628;160.958.288.966.342
GDP (current US$);NY.GDP.MKTP.CD;Myanmar;MMR;614.493.920.561.488;671.447.258.305.753;68.697.759.361.231;789.302.572.270.908;650.678.089.846.792
GDP (current US$);NY.GDP.MKTP.CD;Namibia;NAM;12.895.153.160.466;136.820.622.492.236;125.432.034.106.928;10.562.637.375.594;122.362.507.841.336
GDP (current US$);NY.GDP.MKTP.CD;Nauru;NRU;109.359.680.217.211;124.021.393.690.412;118.724.073.809.183;114.626.625.553.023;133.218.896.932.607
GDP (current US$);NY.GDP.MKTP.CD;Nepal;NPL;289.715.892.132.184;331.115.258.719.538;341.861.909.959.565;334.336.705.119.364;362.888.303.734.106
GDP (current US$);NY.GDP.MKTP.CD;Netherlands;NLD;833869641687.06;914.043.438.179.607;910.194.347.568.626;913.865.395.789.886;1018007056949.6
GDP (current US$);NY.GDP.MKTP.CD;New Caledonia;NCL;917.366.810.213.844;984.692.241.614.776;943.813.098.737.298;94.355.299.272.471;..
GDP (current US$);NY.GDP.MKTP.CD;New Zealand;NZL;206.623.758.800.159;211.953.111.035.513;213.434.571.357.984;211.734.532.308.013;249.991.512.236.526
GDP (current US$);NY.GDP.MKTP.CD;Nicaragua;NIC;137.859.099.061.925;130.252.399.122.751;125.966.360.422.321;125.869.413.926.347;140.130.220.920.645
GDP (current US$);NY.GDP.MKTP.CD;Niger;NER;111.851.023.995.762;128.086.605.280.617;129.164.551.611.081;13.741.378.450.136;149.509.498.752.729
GDP (current US$);NY.GDP.MKTP.CD;Nigeria;NGA;375.746.469.538.666;397.190.484.464.308;448.120.428.858.769;432.293.776.262.398;440.776.971.536.015
GDP (current US$);NY.GDP.MKTP.CD;North Macedonia;MKD;113.070.583.823.435;126.830.700.614.695;12.606.338.448.547;121.169.818.152.261;138.792.691.515.718
GDP (current US$);NY.GDP.MKTP.CD;Northern Mariana Islands;MNP;1560000000;1302000000;1182000000;..;..
GDP (current US$);NY.GDP.MKTP.CD;Norway;NOR;398393955268.99;436.999.692.591.454;404.941.363.636.364;362198318435.26;482.437.019.790.454
GDP (current US$);NY.GDP.MKTP.CD;Oman;OMN;808.566.970.091.027;915.058.517.555.267;880.608.582.574.772;739.713.914.174.252;858.686.265.279.584
GDP (current US$);NY.GDP.MKTP.CD;Pakistan;PAK;339.205.615.769.187;356.128.224.957.085;320.909.489.229.723;300.306.331.697.668;346.343.170.486.072
GDP (current US$);NY.GDP.MKTP.CD;Palau;PLW;285300000;284700000;274200000;257700000;..
GDP (current US$);NY.GDP.MKTP.CD;Panama;PAN;62202725200;64929409200;66984427200;53977037000;63605065800
GDP (current US$);NY.GDP.MKTP.CD;Papua New Guinea;PNG;227.426.135.536.879;241.095.098.527.402;247.513.445.608.856;246.670.520.231.214;26.594.277.245.782
GDP (current US$);NY.GDP.MKTP.CD;Paraguay;PRY;389.971.294.735.558;402.254.483.406.322;37.925.338.329.156;354.321.780.681.756;389.868.109.890.011
GDP (current US$);NY.GDP.MKTP.CD;Peru;PER;211.007.207.483.515;222.597.212.925.211;228.323.495.040.901;201.705.055.938.653;223.249.497.500.387
GDP (current US$);NY.GDP.MKTP.CD;Philippines;PHL;328480867142.69;346842094175.24;376.823.278.561.196;361.751.116.292.541;394.086.419.343.056
GDP (current US$);NY.GDP.MKTP.CD;Poland;POL;526.508.877.305.321;587.411.745.161.558;597.280.564.671.563;596.624.355.719.671;674.048.266.397.369
GDP (current US$);NY.GDP.MKTP.CD;Portugal;PRT;221357874718.93;242.313.116.577.967;239.986.922.638.902;228.539.245.045.341;249.886.464.354.752
GDP (current US$);NY.GDP.MKTP.CD;Puerto Rico;PRI;1,03446E+11;1,00925E+11;1,04915E+11;1,03138E+11;..
GDP (current US$);NY.GDP.MKTP.CD;Qatar;QAT;161.099.122.215.307;183.334.953.813.209;175.837.550.996.185;144411363345.27;179.570.783.550.549
GDP (current US$);NY.GDP.MKTP.CD;Romania;ROU;211.695.422.578.655;241.457.403.085.042;249.881.592.298.072;249.511.333.647.502;284.087.563.695.798
GDP (current US$);NY.GDP.MKTP.CD;Russian Federation;RUS;1574199387070.9;1657329646183.62;1693113904262.89;1488321875489.74;1775799919352.98
GDP (current US$);NY.GDP.MKTP.CD;Rwanda;RWA;925.283.412.039.358;964.244.064.581.148;103.563.271.494.262;101.843.454.421.708;110.703.565.194.804
GDP (current US$);NY.GDP.MKTP.CD;Samoa;WSM;832.025.556.081.401;821.286.938.902.743;852.007.104.660.046;807.147.527.615.094;788.389.971.603.065
GDP (current US$);NY.GDP.MKTP.CD;San Marino;SMR;152.863.070.492.544;165.530.089.749.646;16.162.316.960.486;154.471.378.467.671;..
GDP (current US$);NY.GDP.MKTP.CD;Sao Tome and Principe;STP;375.614.126.193.877;412.253.809.728.799;427.425.039.684.339;47.291.446.991.933;547.092.915.036.334
GDP (current US$);NY.GDP.MKTP.CD;Saudi Arabia;SAU;688586094412.68;816.578.674.529.141;803.616.264.791.024;703.367.841.222.555;833.541.236.569.315
GDP (current US$);NY.GDP.MKTP.CD;Senegal;SEN;209.965.647.515.994;231.168.978.470.474;23.398.811.423.578;244.931.575.832.282;276.253.883.521.688
GDP (current US$);NY.GDP.MKTP.CD;Serbia;SRB;441.790.552.798.887;506.406.502.214.622;515.142.223.818.428;533.350.164.254.148;630.681.346.011.254
GDP (current US$);NY.GDP.MKTP.CD;Seychelles;SYC;157.342.827.712.074;163.631.004.939.694;168.422.852.867.297;120.063.448.934.841;132.005.379.303.903
GDP (current US$);NY.GDP.MKTP.CD;Sierra Leone;SLE;371.936.910.734.992;408.511.479.422.324;407.657.854.256.207;406.328.944.958.795;420.038.012.432.911
GDP (current US$);NY.GDP.MKTP.CD;Singapore;SGP;343.193.352.161.634;376.998.146.500.593;375.472.731.271.075;345.295.933.898.674;396.986.899.888.351
GDP (current US$);NY.GDP.MKTP.CD;Sint Maarten (Dutch part);SXM;119.162.011.173.184;11.854.748.603.352;..;..;..
GDP (current US$);NY.GDP.MKTP.CD;Slovak Republic;SVK;953.935.150.777.472;105.612.792.516.582;105.284.375.640.698;105.172.564.491.569;114.870.706.410.165
GDP (current US$);NY.GDP.MKTP.CD;Slovenia;SVN;485.891.000.430.954;54163591695.32;541.788.776.059.999;535.896.095.807.099;61.526.331.889.499
GDP (current US$);NY.GDP.MKTP.CD;Solomon Islands;SLB;148.379.346.806.299;157.462.201.823.326;157.009.322.925.588;154.588.842.623.031;164.521.388.162.016
GDP (current US$);NY.GDP.MKTP.CD;Somalia;SOM;5609000000;585.067.729.570.037;647.667.459.187.472;696.528.532.452.156;729.272.182.000.001
GDP (current US$);NY.GDP.MKTP.CD;South Africa;ZAF;381.448.814.653.456;404.842.116.738.074;387934574098.17;335.442.101.366.417;419.946.428.126.008
GDP (current US$);NY.GDP.MKTP.CD;South Sudan;SSD;..;..;..;..;..
GDP (current US$);NY.GDP.MKTP.CD;Spain;ESP;1312539279462.36;1420994142512.16;1393046093137.25;1281484640043.58;1425276586282.92
GDP (current US$);NY.GDP.MKTP.CD;Sri Lanka;LKA;874.281.281.237.209;879.630.423.407.745;839.025.744.428.014;809.696.835.374.541;845.188.303.926.157
GDP (current US$);NY.GDP.MKTP.CD;St. Kitts and Nevis;KNA;106.063.833.333.333;107.850.588.888.889;116.487.785.185.185;980.905.888.888.889;976.150.666.666.667
GDP (current US$);NY.GDP.MKTP.CD;St. Lucia;LCA;199.677.144.074.074;206.512.726.296.296;211.879.154.814.815;161.677.274.814.815;176.490.113.333.333
GDP (current US$);NY.GDP.MKTP.CD;St. Martin (French part);MAF;..;..;..;..;..
GDP (current US$);NY.GDP.MKTP.CD;St. Vincent and the Grenadines;VCT;847.620.214.758.074;884.328.180.526.933;910.149.698.909.411;872.134.546.803.407;889.775.243.378.352
GDP (current US$);NY.GDP.MKTP.CD;Sudan;SDN;129.717.804.934.614;323.337.803.832.924;323.380.791.652.893;269.875.634.441.489;343.260.585.574.359
GDP (current US$);NY.GDP.MKTP.CD;Suriname;SUR;359.162.359.603.082;399.624.790.619.765;398.448.376.237.123;288.424.804.849.068;286.213.197.969.543
GDP (current US$);NY.GDP.MKTP.CD;Sweden;SWE;541.018.749.769.097;555.455.371.487.089;533.879.529.188.454;541.487.151.474.557;627437898887.29
GDP (current US$);NY.GDP.MKTP.CD;Switzerland;CHE;704.478.516.963.855;735.539.301.552.674;731.767.398.052.879;752248045730.11;812866928867.47
GDP (current US$);NY.GDP.MKTP.CD;Syrian Arab Republic;SYR;163.406.654.315.167;214.457.753.638.597;..;..;..
GDP (current US$);NY.GDP.MKTP.CD;Tajikistan;TJK;753.643.987.508.334;776.501.442.433.779;830.078.485.687.904;813.399.664.790.397;874.627.063.640.142
GDP (current US$);NY.GDP.MKTP.CD;Tanzania;TZA;533.206.259.585.628;570.037.136.107.625;611.368.736.923.985;624.097.091.109.538;677.751.017.943.478
GDP (current US$);NY.GDP.MKTP.CD;Thailand;THA;456.356.961.443.497;506.754.616.189.315;544.081.056.184.697;499.681.757.030.968;505.981.655.622.305
GDP (current US$);NY.GDP.MKTP.CD;Timor-Leste;TLS;1615609700;1583876200;2047931700;1902156800;195.913.474.383.541
GDP (current US$);NY.GDP.MKTP.CD;Togo;TGO;639.547.257.441.445;711.220.072.500.232;72.203.952.477.424;757.463.697.866.175;84.132.005.676.151
GDP (current US$);NY.GDP.MKTP.CD;Tonga;TON;460.379.144.989.821;489.235.527.395.387;512.350.059.421.629;488.829.964.070.819;..
GDP (current US$);NY.GDP.MKTP.CD;Trinidad and Tobago;TTO;231.801.077.519.208;238.207.429.569.744;238.862.164.033.455;213.925.361.377.724;213.918.023.110.118
GDP (current US$);NY.GDP.MKTP.CD;Tunisia;TUN;421.640.076.051.914;426.859.722.694.473;417.729.007.633.588;425.141.516.142.796;468.400.429.414.922
GDP (current US$);NY.GDP.MKTP.CD;Turkiye;TUR;858.996.263.095.858;778.471.901.665.148;761.004.425.605.414;719954821683.31;815.271.751.724.423
GDP (current US$);NY.GDP.MKTP.CD;Turkmenistan;TKM;379.262.857.142.857;407.654.285.714.286;452.314.285.714.286;..;..
GDP (current US$);NY.GDP.MKTP.CD;Turks and Caicos Islands;TCA;1022365000;1113178000;1197415000;924583000;943269768
GDP (current US$);NY.GDP.MKTP.CD;Tuvalu;TUV;452.176.578.786.021;478.182.904.961.148;542.231.491.136.601;550.547.106.186.773;631.009.615.384.615
GDP (current US$);NY.GDP.MKTP.CD;Uganda;UGA;307.444.739.115.312;329.270.255.734.296;353.530.606.342.022;376.003.681.809.399;404.347.015.169.528
GDP (current US$);NY.GDP.MKTP.CD;Ukraine;UKR;112.090.530.368.543;130.891.049.796.879;153.882.982.016.281;156.617.861.448.576;200.085.537.744.354
GDP (current US$);NY.GDP.MKTP.CD;United Arab Emirates;ARE;385.605.506.854.881;422.215.043.584.969;417.215.559.513.364;358.868.765.174.924;..
GDP (current US$);NY.GDP.MKTP.CD;United Kingdom;GBR;2699016715111.39;2900791442554.06;2878673912414.44;2756900214107.32;3186859739185.02
GDP (current US$);NY.GDP.MKTP.CD;United States;USA;1,94796E+13;2,05272E+13;2,13726E+13;2,08937E+13;2,29961E+13
GDP (current US$);NY.GDP.MKTP.CD;Uruguay;URY;642.339.668.612.518;645.150.382.681.373;612.311.498.805.857;535.607.550.465.726;593.195.476.360.876
GDP (current US$);NY.GDP.MKTP.CD;Uzbekistan;UZB;620.813.232.990.324;526.331.438.081.824;599.076.740.274.676;598.943.053.528.955;692.389.031.061.738
GDP (current US$);NY.GDP.MKTP.CD;Vanuatu;VUT;880.062.103.045.053;914.736.985.430.944;936.526.267.622.513;896.827.873.114.925;983.469.256.849.629
GDP (current US$);NY.GDP.MKTP.CD;Venezuela, RB;VEN;..;..;..;..;..
GDP (current US$);NY.GDP.MKTP.CD;Vietnam;VNM;281.353.402.175.236;308.702.086.757.617;330.391.329.475.734;343.242.570.827.351;362.637.524.070.969
GDP (current US$);NY.GDP.MKTP.CD;Virgin Islands (U.S.);VIR;3794000000;3922000000;4117000000;4204000000;..
GDP (current US$);NY.GDP.MKTP.CD;West Bank and Gaza;PSE;16128000000;16276600000;17133500000;15531700000;18036800000
GDP (current US$);NY.GDP.MKTP.CD;Yemen, Rep.;YEM;268.422.312.048.047;216.061.610.662.074;218.876.142.171.746;188.405.119.082.484;210.616.916.295.369
GDP (current US$);NY.GDP.MKTP.CD;Zambia;ZMB;258.736.012.608.353;263.115.902.967.021;233.086.677.812.258;181.106.313.583.114;212.030.590.803.507
GDP (current US$);NY.GDP.MKTP.CD;Zimbabwe;ZWE;175.848.909.366.523;181.155.437.907.855;192.842.897.390.517;18.051.170.798.941;262.177.267.173.386
GDP (current US$);NY.GDP.MKTP.CD;Africa Eastern and Southern;AFE;1020647235171.22;991.022.252.916.702;997.534.042.075.187;921.645.942.921.888;1082095608968.23
GDP (current US$);NY.GDP.MKTP.CD;Africa Western and Central;AFW;683.748.746.978.112;741.689.925.173.427;794543045900.11;784.445.725.634.786;835.808.395.909.477
GDP (current US$);NY.GDP.MKTP.CD;Arab World;ARB;2584096654452.22;2785878075917.03;2808099764578.03;2496251185652.42;2850421035169.38
GDP (current US$);NY.GDP.MKTP.CD;Caribbean small states;CSS;725.332.360.714.207;754.311.690.875.747;77.023.818.120.749;659.228.530.409.271;699.703.231.442.875
GDP (current US$);NY.GDP.MKTP.CD;Central Europe and the Baltics;CEB;1464532904458.85;1645463203193.69;1673863310975.42;1654916154373.08;1887902464087.12
GDP (current US$);NY.GDP.MKTP.CD;Early-demographic dividend;EAR;11291259618576.3;11401133321555.3;11643791832112.3;10841710191637.6;1,26181E+13
GDP (current US$);NY.GDP.MKTP.CD;East Asia & Pacific;EAS;24325231732305.3;26481019943236.6;27024079763932.2;27118722832657.5;30880832035117.6
GDP (current US$);NY.GDP.MKTP.CD;East Asia & Pacific (excluding high income);EAP;14877258915652.8;16638962757093.7;1,72039E+13;17483820589534.5;20746563721663.3
GDP (current US$);NY.GDP.MKTP.CD;East Asia & Pacific (IDA & IBRD countries);TEA;14858085911410.5;16617566546821.7;17181787022158.2;17461284721761.5;20719819524210.8
GDP (current US$);NY.GDP.MKTP.CD;Euro area;EMU;12677749892531.3;13699406014418.1;13416061270575.3;13027258675468.3;14493212396452.5
GDP (current US$);NY.GDP.MKTP.CD;Europe & Central Asia;ECS;21680175761930.6;23224055731756.6;22941556433612.1;22133908631128.1;25046912741672.4
GDP (current US$);NY.GDP.MKTP.CD;Europe & Central Asia (excluding high income);ECA;3118192978608.2;3182530249215.21;3249705581846.91;2980726151029.73;3499151501974.59
GDP (current US$);NY.GDP.MKTP.CD;Europe & Central Asia (IDA & IBRD countries);TEC;3912611705923.38;4073647272410.63;4159113945157.09;3884826500881.03;4525639233067.13
GDP (current US$);NY.GDP.MKTP.CD;European Union;EUU;14766273067392.1;15978719985091.5;15691850452107.3;15300141971364.8;17088620744318.8
GDP (current US$);NY.GDP.MKTP.CD;Fragile and conflict affected situations;FCS;1580890166457.95;1603272031249.36;1689423709082.73;1561506152786.47;1644875126140.77
GDP (current US$);NY.GDP.MKTP.CD;Heavily indebted poor countries (HIPC);HPC;808.758.193.981.076;770227091403.54;797.617.929.913.554;803.283.582.149.532;894.494.280.734.025
GDP (current US$);NY.GDP.MKTP.CD;High income;HIC;51558534599568.8;54815581180361.5;55289237589071.7;53699833079337.6;59445422597098.5
GDP (current US$);NY.GDP.MKTP.CD;IBRD only;IBD;28755722549809.3;30580348814900.7;31244154278543.7;30032432470232.9;35451524325722.9
GDP (current US$);NY.GDP.MKTP.CD;IDA & IBRD total;IBT;30949196507979.8;32816676763015.1;33581689373310.4;32364941970351.3;37997904401783.5
GDP (current US$);NY.GDP.MKTP.CD;IDA blend;IDB;959.820.517.813.632;1007826238815.28;1040154261857.99;999.383.582.141.337;1090090509343.12
GDP (current US$);NY.GDP.MKTP.CD;IDA only;IDX;1233217424204.7;1228944982675.59;1297337886387.31;1333641390974.43;1455496866167.88
GDP (current US$);NY.GDP.MKTP.CD;IDA total;IDA;2193037942018.33;2236771221490.87;2337492148245.3;2332329928471.15;2544817395142.83
GDP (current US$);NY.GDP.MKTP.CD;Late-demographic dividend;LTE;20609641582561.2;22593028676199.4;23026354774547.3;22470885208733.4;26594255163051.9
GDP (current US$);NY.GDP.MKTP.CD;Latin America & Caribbean;LCN;5830760733039.75;5701842678618.32;5623606841400.31;4743154434209.72;5488720386464.9
GDP (current US$);NY.GDP.MKTP.CD;Latin America & Caribbean (excluding high income);LAC;4985190331086.06;4840908109011.91;4778836894074.21;3997944092006.99;4607069828667.43
GDP (current US$);NY.GDP.MKTP.CD;Latin America & the Caribbean (IDA & IBRD countries);TLA;5591255025851.83;5460183049715.07;5372623255716.85;4495215145995.85;5202510610993.79
GDP (current US$);NY.GDP.MKTP.CD;Least developed countries: UN classification;LDC;1103873572550.27;1087620246478.49;1142304121430.5;1162000059176.75;1272906946634.44
GDP (current US$);NY.GDP.MKTP.CD;Low & middle income;LMY;29564640715524.3;31299342895042.8;32061336323529.7;30913851917481.4;36315909953199.6
GDP (current US$);NY.GDP.MKTP.CD;Low income;LIC;527.246.970.766.453;453.567.578.538.199;479.642.679.708.745;481.025.300.269.274;526.277.736.196.316
GDP (current US$);NY.GDP.MKTP.CD;Lower middle income;LMC;7396385303040.09;7541059240415.66;7894761632394.7;7585548465069.87;8683293482839.04
GDP (current US$);NY.GDP.MKTP.CD;Middle East & North Africa;MEA;3296304700286.03;3459086397885.49;3465217350186.81;3106899915587.77;3636731834007.36
GDP (current US$);NY.GDP.MKTP.CD;Middle East & North Africa (excluding high income);MNA;1455193787706.94;1380524947470.91;1391982940489.58;1263840405685.41;1455921395695.44
GDP (current US$);NY.GDP.MKTP.CD;Middle East & North Africa (IDA & IBRD countries);TMN;1439065787706.94;1364248347470.91;1374849440489.58;1248309123457.61;1437882615132.05
GDP (current US$);NY.GDP.MKTP.CD;Middle income;MIC;29040121195033.7;30844577555857.3;31581053756606.8;3,04338E+13;35785944374024.4
GDP (current US$);NY.GDP.MKTP.CD;North America;NAC;21136028016244.1;2,22597E+13;23122010947482.3;22546048902568.4;24993942509665.2
GDP (current US$);NY.GDP.MKTP.CD;Not classified;INX;..;..;..;..;..
GDP (current US$);NY.GDP.MKTP.CD;OECD members;OED;50468487779733.6;53389616112315.2;53898740687188.2;52333093047631.9;57920170928484.4
GDP (current US$);NY.GDP.MKTP.CD;Other small states;OSS;398.431.383.419.643;441.994.932.565.805;432.762.687.769.924;376519277668.36;447.252.486.851.265
GDP (current US$);NY.GDP.MKTP.CD;Pacific island small states;PSS;102.176.049.924.423;106.575.447.781.169;106.442.656.123.514;957.337.912.214.219;974.947.621.001.643
GDP (current US$);NY.GDP.MKTP.CD;Post-demographic dividend;PST;47559090134749.7;50409601013871.7;50901911073586.6;49529282835846.2;54622502733268.8
GDP (current US$);NY.GDP.MKTP.CD;Pre-demographic dividend;PRE;1293918591719.65;1322706441706.9;1393565082221.82;1309752047432.1;1433124281341.12
GDP (current US$);NY.GDP.MKTP.CD;Small states;SST;481.182.224.483.506;528.083.646.431.496;520.430.771.503.024;452.015.509.831.429;526.938.134.965.751
GDP (current US$);NY.GDP.MKTP.CD;South Asia;SAS;3426790936090.99;3527312593331.06;3648731786168.25;3482474115840.58;4087773969795.48
GDP (current US$);NY.GDP.MKTP.CD;South Asia (IDA & IBRD);TSA;3426790936090.99;3527312593331.06;3648731786168.25;3482474115840.58;4087773969795.48
GDP (current US$);NY.GDP.MKTP.CD;Sub-Saharan Africa;SSF;1704395982149.33;1732712178090.13;1792077087975.3;1706091668556.67;1917904004877.71
GDP (current US$);NY.GDP.MKTP.CD;Sub-Saharan Africa (excluding high income);SSA;1702822553872.21;1731075868040.73;1790392859446.62;1704891034067.33;1916583951084.67
GDP (current US$);NY.GDP.MKTP.CD;Sub-Saharan Africa (IDA & IBRD countries);TSS;1704395982149.33;1732712178090.13;1792077087975.3;1706091668556.67;1917904004877.71
GDP (current US$);NY.GDP.MKTP.CD;Upper middle income;UMC;21643735891993.6;23303518315441.7;23686292124212.1;22848294411119.4;27104280387250.6
GDP (current US$);NY.GDP.MKTP.CD;World;WLD;81403977427442.6;8,6413E+13;87652863215992.7;84906814189239.5;96100091004540.9
;;;;;;;;
;;;;;;;;
;;;;;;;;
Data from database: World Development Indicators;;;;;;;;
Last Updated: 07/20/2022;;;;;;;;